dataset,group_name,group_type,hit_at_10,hit_at_25,hit_at_5,mean_dice,mean_iou,model_name,num_cases
rexgroundingct,all,overall,0.5,0.5,0.5,0.24457988615200965,0.1761744477316903,biomed_parse,4
rexgroundingct,lung_nodule,class,1.0,1.0,1.0,0.7095135630887476,0.5498031926527718,biomed_parse,1
rexgroundingct,lung_opacity,class,0.0,0.0,0.0,0.0022752132677979872,0.0011389022566624899,biomed_parse,1
rexgroundingct,consolidation,class,0.0,0.0,0.0,4.489942528733616e-13,4.489942528733616e-13,biomed_parse,1
rexgroundingct,atelectasis,class,1.0,1.0,1.0,0.26653076825104405,0.15375569601687797,biomed_parse,1
rexgroundingct,focal,morphology,1.0,1.0,1.0,0.7095135630887476,0.5498031926527718,biomed_parse,1
rexgroundingct,non_focal,morphology,0.3333333333333333,0.3333333333333333,0.3333333333333333,0.08960199383976368,0.051631532757996486,biomed_parse,3
