dataset,group_name,group_type,hit_at_10,hit_at_25,hit_at_5,mean_dice,mean_iou,model_name,num_cases
rexgroundingct,all,overall,,,,,,biomed_parse,
rexgroundingct,lung_nodule,class,0.19667590027700832,0.07202216066481995,0.3268698060941828,0.06483264221955584,0.03796574317740048,biomed_parse,361
rexgroundingct,lung_opacity,class,0.01662049861495845,0.002770083102493075,0.027700831024930747,0.006628950902026717,0.003554913047299818,biomed_parse,361
rexgroundingct,consolidation,class,0.0,0.0,0.008310249307479225,0.0007498925934737341,0.00038798231805360655,biomed_parse,361
rexgroundingct,atelectasis,class,0.0110803324099723,0.00554016620498615,0.013850415512465374,0.003282720289759491,0.001836985140305871,biomed_parse,361
rexgroundingct,focal,morphology,0.19667590027700832,0.07202216066481995,0.3268698060941828,0.06483264221955584,0.03796574317740048,biomed_parse,361
rexgroundingct,non_focal,morphology,0.009233610341643583,0.002770083102493075,0.01662049861495845,0.0035538545950866474,0.0019266268352197652,biomed_parse,1083
