accuracy,auroc,average_precision,class_name,dataset,ece,f1,model_name,precision,recall,support
0.5085995085995086,0.41953804347826085,0.4466504975088248,lung_nodule,rexgroundingct,0.4912513977040236,0.6742671009771987,biomed_parse_rexgroundingct,0.5085995085995086,1.0,414
0.43734643734643736,0.5411504587606103,0.4773012429193102,lung_opacity,rexgroundingct,0.5626477077054157,0.6085470085470085,biomed_parse_rexgroundingct,0.43734643734643736,1.0,356
0.3464373464373464,0.5247092527539988,0.39234248169602465,consolidation,rexgroundingct,0.5570342414245852,0.48747591522157996,biomed_parse_rexgroundingct,0.328998699609883,0.9405204460966543,269
0.33783783783783783,0.5510691995498107,0.4016090034842842,atelectasis,rexgroundingct,0.5708010008590667,0.48322147651006714,biomed_parse_rexgroundingct,0.32558139534883723,0.9368029739776952,269
,0.5091167386356701,0.4294758064021109,macro,rexgroundingct,0.5454335869232728,0.5633778753139635,biomed_parse_rexgroundingct,0.40013151022616655,0.9693308550185873,
