accuracy,auroc,average_precision,class_name,dataset,ece,f1,model_name,precision,recall,support
0.49858012170385396,0.4832388158339105,0.45040294921162627,lung_nodule,rexgroundingct,0.03667469372855725,0.3628865979381443,ct_clip_lipro,0.4389027431421446,0.3093145869947276,1138
0.5703853955375253,0.5396307003958011,0.4292108705168877,lung_opacity,rexgroundingct,0.08853408759554307,0.32590706556333543,ct_clip_lipro,0.42953020134228187,0.26256410256410256,975
0.6182555780933063,0.5350166253157383,0.22759938361238896,consolidation,rexgroundingct,0.2926355782677145,0.27559661277906083,ct_clip_lipro,0.22375,0.3587174348697395,499
0.6945233265720081,0.5932969743147595,0.3213217403874641,atelectasis,rexgroundingct,0.24018380337264425,0.31232876712328766,ct_clip_lipro,0.333984375,0.2933104631217839,583
,0.5377957789650524,0.35713373593209174,macro,rexgroundingct,0.16450704074111477,0.31917976085095706,ct_clip_lipro,0.3565418298711066,0.3059766468875884,
