accuracy,auroc,average_precision,class_name,dataset,ece,f1,model_name,precision,recall,support
0.9517749497655726,0.9553072625698324,0.9588395753740921,lung_nodule,rexgroundingct,0.04822505023442733,0.9532163742690059,merlin,1.0,0.9106145251396648,1611
0.9725385130609511,0.9579487179487179,0.9608217869087434,lung_opacity,rexgroundingct,0.0,0.9800194931773879,merlin,0.9608217869087434,1.0,2011
0.9855994641661086,0.9600371747211895,0.9344748852762707,consolidation,rexgroundingct,0.014400535833891495,0.9583736689254598,merlin,1.0,0.9200743494423792,538
0.9966510381781648,0.9920255183413078,0.9873999985044508,atelectasis,rexgroundingct,0.0033489618218352315,0.9919614147909968,merlin,1.0,0.9840510366826156,627
,0.9663296683952618,0.9603840615158892,macro,rexgroundingct,0.016493636972538514,0.9708927377907126,merlin,0.9902054467271859,0.9536849778161649,
